<?xml version="1.0" encoding="ISO-8859-1" ?>
<Obras_literarias>
  <Libro>
     <Autor>Juan Rulfo</Autor>
     <Titulo>Pedro Páramo</Titulo>
  </Libro>
  <Libro>
     <Autor>Juan Rulfo</Autor>
     <Titulo>El Llano en Llamas</Titulo>
  </Libro>
  <Libro>
     <Autor>Pablo Neruda</Autor>
     <Titulo>Veinte poemas de amor y una canción desesperada</Titulo>
  </Libro>
  <Libro>
     <Autor>Miguel de Cervantes Saavedra</Autor>
     <Titulo>Don Quijote de la Mancha</Titulo>
  </Libro>
  <Libro>
     <Autor>Jorge Luis Borges</Autor>
     <Titulo>Ficciones</Titulo>
  </Libro>
</Obras_literarias>